ID,Age,Is_Married,Has_Children,Children_Count,Home_Distance,Drinks_Tea,Lectures_Missed,Average_Assignments_Score,Exam_Result
S1,41,1,1,3,23,0,1,41,1
S2,37,0,0,0,5,1,8,75,1
S3,49,0,0,0,44,1,9,52,1
S4,24,0,0,0,40,1,1,54,1
S5,48,1,1,3,36,0,2,32,1
S6,48,1,0,0,50,0,4,58,0
S7,20,1,0,0,4,0,7,51,1
S8,27,0,0,0,5,0,8,51,1
S9,29,0,0,0,16,1,2,47,1
S10,34,1,1,2,18,1,7,69,0
S11,49,1,1,2,3,1,3,55,1
S12,44,1,0,0,5,0,1,67,1
S13,44,1,0,0,11,1,8,64,0
S14,21,0,0,0,41,0,10,44,0
S15,37,0,0,0,1,1,7,70,0
S16,41,0,0,0,4,0,4,47,1
S17,29,0,0,0,7,1,10,62,0
S18,30,0,0,0,31,1,10,6,0
S19,37,1,0,0,44,1,8,53,1
S20,25,0,0,0,45,1,6,32,0
S21,28,0,0,0,36,0,8,31,0
S22,37,1,1,3,30,0,9,82,1
S23,26,0,0,0,6,0,4,61,0
S24,43,1,1,1,17,1,10,57,1
S25,41,0,0,0,12,0,6,51,0
S26,50,1,0,0,41,1,5,63,1
S27,20,1,1,2,41,0,3,66,1
S28,25,0,0,0,20,0,1,65,1
S29,22,1,1,1,42,0,9,23,1
S30,42,0,0,0,19,1,2,28,1
S31,31,0,0,0,41,0,4,51,1
S32,36,1,1,3,45,1,4,71,1
S33,40,1,0,0,20,0,5,25,1
S34,25,0,0,0,23,1,2,59,0
S35,38,1,1,6,0,0,9,71,1
S36,32,1,1,2,17,1,0,70,1
S37,28,1,1,5,4,1,3,3,1
S38,48,1,0,0,6,1,9,47,0
S39,45,0,0,0,40,1,3,43,1
S40,26,0,0,0,24,1,3,58,1
S41,47,0,0,0,46,0,9,23,1
S42,20,0,0,0,16,0,1,60,1
S43,39,1,1,3,19,1,9,44,0
S44,46,1,1,9,28,0,2,57,1
S45,22,1,1,2,14,0,0,83,1
S46,31,0,0,0,23,1,2,59,0
S47,42,1,0,0,15,0,0,11,1
S48,41,0,0,0,6,0,0,9,1
S49,38,0,0,0,27,1,0,61,0
S50,40,0,0,0,6,0,0,77,1
S51,44,0,0,0,25,0,6,23,0
S52,42,0,0,0,35,0,2,3,0
S53,31,0,0,0,42,0,7,6,1
S54,37,1,0,0,2,0,9,87,1
S55,21,0,0,0,24,1,3,72,0
S56,31,1,1,3,50,1,5,28,1
S57,45,1,0,0,31,1,8,54,1
S58,39,0,0,0,12,1,8,41,0
S59,39,0,0,0,50,0,8,52,1
S60,37,0,0,0,29,1,7,44,0
S61,21,0,0,0,46,1,8,59,0
S62,46,0,0,0,9,0,4,50,1
S63,30,0,0,0,8,1,8,42,0
S64,32,1,1,2,37,1,7,48,1
S65,47,0,0,0,30,0,3,54,0
S66,42,1,0,0,38,0,6,61,1
S67,29,0,0,0,8,1,8,30,1
S68,20,0,0,0,45,0,0,76,1
S69,36,1,1,1,20,1,6,6,0
S70,32,0,0,0,35,0,2,48,1
S71,34,1,0,0,45,1,0,10,1
S72,49,0,0,0,21,0,2,62,1
S73,40,0,0,0,24,1,2,67,1
S74,24,1,0,0,46,0,6,75,0
S75,43,1,1,2,39,1,7,74,0
S76,34,0,0,0,24,0,6,32,0
S77,35,1,0,0,26,1,2,25,1
S78,37,0,0,0,36,0,4,45,1
S79,34,0,0,0,2,1,4,12,1
S80,47,0,0,0,0,0,6,54,0
S81,42,0,0,0,5,0,1,56,1
S82,37,1,0,0,6,1,8,39,0
S83,25,0,0,0,5,1,1,6,0
S84,28,0,0,0,43,1,10,67,1
S85,38,1,0,0,26,1,7,91,1
S86,36,0,0,0,23,1,3,9,0
S87,31,1,1,1,23,0,0,63,0
S88,40,0,0,0,12,0,3,45,1
S89,49,1,0,0,48,0,7,35,0
S90,24,1,1,6,31,1,8,68,1
S91,31,0,0,0,48,0,3,73,1
S92,42,0,0,0,16,1,3,51,0
S93,47,0,0,0,47,1,9,6,1
S94,38,1,0,0,3,0,1,33,0
S95,31,0,0,0,35,1,10,23,0
S96,42,0,0,0,42,1,4,22,1
S97,43,0,0,0,6,1,0,58,0
S98,41,1,0,0,14,0,7,41,0
S99,28,0,0,0,32,0,9,74,1
S100,43,0,0,0,12,1,1,32,1
S101,26,0,0,0,12,1,10,2,0
S102,22,1,1,3,34,0,9,52,1
S103,41,1,1,1,27,0,1,44,1
S104,28,0,0,0,50,1,10,76,0
S105,28,1,1,1,48,1,6,44,1
S106,27,0,0,0,34,1,0,46,1
S107,27,1,1,3,17,1,9,44,0
S108,48,0,0,0,31,1,6,55,0
S109,27,1,0,0,18,1,4,77,0
S110,22,0,0,0,22,0,6,5,0
S111,38,0,0,0,24,0,5,61,1
S112,22,0,0,0,3,1,4,73,0
S113,49,1,1,2,10,1,7,93,1
S114,25,1,1,1,30,1,0,70,1
S115,39,0,0,0,7,1,3,58,1
S116,45,1,1,3,17,1,9,36,0
S117,49,0,0,0,18,1,5,13,0
S118,40,1,1,1,0,0,4,56,1
S119,45,0,0,0,11,0,3,9,0
S120,40,0,0,0,17,1,4,53,1
S121,25,0,0,0,31,0,2,71,0
S122,32,0,0,0,3,1,6,6,1
S123,48,0,0,0,2,1,5,64,1
S124,43,0,0,0,39,1,1,50,1
S125,39,0,0,0,25,0,7,56,1
S126,34,1,1,4,39,0,4,68,0
S127,27,1,0,0,0,0,10,69,1
S128,44,0,0,0,13,1,8,81,1
S129,20,1,0,0,27,0,6,68,1
S130,37,0,0,0,25,1,9,28,0
S131,22,1,1,1,40,0,9,57,1
S132,35,0,0,0,29,1,1,33,0
S133,37,0,0,0,8,0,9,45,0
S134,45,1,1,1,47,1,1,53,0
S135,33,0,0,0,45,0,8,47,0
S136,36,1,0,0,35,1,6,62,1
S137,32,0,0,0,42,1,5,6,0
S138,36,1,0,0,23,0,6,62,1
S139,32,1,1,1,47,1,2,50,1
S140,32,1,0,0,14,0,6,47,0
S141,42,1,1,2,12,0,5,51,0
S142,39,0,0,0,10,0,1,6,1
S143,39,1,0,0,18,1,8,41,1
S144,49,1,1,2,41,1,4,59,1
S145,43,1,0,0,49,0,7,5,0
S146,26,1,1,2,44,0,0,43,0
S147,38,0,0,0,16,0,8,65,0
S148,40,1,0,0,22,1,10,55,1
S149,45,0,0,0,41,1,4,7,1
S150,20,0,0,0,30,0,1,7,0
S151,50,1,0,0,36,0,9,76,1
S152,47,1,0,0,13,0,5,69,0
S153,37,1,1,3,9,1,7,8,1
S154,37,1,0,0,10,0,9,64,1
S155,47,0,0,0,48,1,7,6,0
S156,28,1,0,0,20,0,2,52,1
S157,22,0,0,0,43,0,6,86,1
S158,50,0,0,0,2,1,3,71,1
S159,48,0,0,0,41,0,6,54,1
S160,31,0,0,0,29,1,10,22,0
S161,31,0,0,0,16,0,8,2,1
S162,47,1,0,0,36,0,6,46,0
S163,35,0,0,0,16,1,2,41,0
S164,45,1,1,1,10,0,6,61,1
S165,34,1,0,0,7,0,5,48,1
S166,20,1,1,3,40,1,10,4,0
S167,38,0,0,0,36,0,1,57,0
S168,25,1,1,10,27,1,3,98,1
S169,45,0,0,0,15,0,3,74,1
S170,34,1,1,3,36,0,2,55,0
S171,37,1,0,0,34,0,10,55,1
S172,30,0,0,0,34,1,5,37,0
S173,42,1,1,2,35,1,0,51,1
S174,43,0,0,0,31,1,0,6,1
S175,27,0,0,0,10,0,7,7,0
S176,20,0,0,0,18,0,5,94,1
S177,44,1,1,1,21,1,10,29,0
S178,42,1,0,0,22,0,5,24,1
S179,26,0,0,0,6,0,7,46,0
S180,46,0,0,0,38,1,1,53,1
S181,47,0,0,0,16,1,2,58,1
S182,26,1,1,5,30,0,4,1,0
S183,34,0,0,0,29,0,4,56,0
S184,29,0,0,0,6,1,0,88,1
S185,28,0,0,0,32,0,4,48,1
S186,28,1,0,0,38,1,5,65,0
S187,34,0,0,0,43,1,7,11,0
S188,25,0,0,0,13,1,6,55,1
S189,35,0,0,0,17,1,6,65,1
S190,22,0,0,0,10,1,1,51,0
S191,20,1,0,0,42,0,1,95,1
S192,33,1,1,3,10,0,7,50,1
S193,24,0,0,0,13,0,10,58,0
S194,21,0,0,0,17,0,3,76,1
S195,40,0,0,0,44,0,4,31,1
S196,46,1,1,1,12,1,9,65,0
S197,49,0,0,0,38,1,0,28,1
S198,46,1,1,1,46,0,6,73,0
S199,48,0,0,0,9,0,1,33,1
S200,39,0,0,0,36,1,2,69,1
S201,48,0,0,0,21,0,7,46,0
S202,27,1,1,9,11,1,6,27,0
S203,32,0,0,0,8,1,3,79,0
S204,36,1,1,1,46,1,10,48,1
S205,22,1,1,1,17,0,8,27,0
S206,20,1,1,2,35,0,10,73,1
S207,20,1,1,2,44,1,6,47,0
S208,21,0,0,0,37,1,7,49,0
S209,25,0,0,0,43,0,6,71,1
S210,38,1,1,1,23,1,0,46,1
S211,47,0,0,0,11,1,8,35,0
S212,37,0,0,0,31,0,8,40,0
S213,30,1,1,2,11,0,2,6,1
S214,20,0,0,0,14,0,7,54,1
S215,23,1,1,3,20,1,10,28,0
S216,45,1,1,7,17,1,0,89,1
S217,48,1,0,0,14,0,2,35,1
S218,38,0,0,0,40,0,2,68,1
S219,37,1,0,0,30,0,8,61,1
S220,33,0,0,0,2,0,7,62,1
S221,43,1,1,1,24,0,9,73,1
S222,29,1,1,3,34,0,1,62,1
S223,33,1,0,0,29,1,7,41,1
S224,41,1,1,2,25,0,8,5,0
S225,44,1,1,2,6,1,0,11,1
S226,43,1,1,1,47,1,3,19,1
S227,22,1,0,0,0,0,4,48,1
S228,39,1,1,3,45,0,5,64,1
S229,38,0,0,0,16,0,5,79,0
S230,21,0,0,0,13,0,3,75,0
S231,35,0,0,0,43,1,1,68,1
S232,28,0,0,0,43,1,10,66,1
S233,33,1,1,2,43,0,5,0,1
S234,47,0,0,0,6,1,4,85,0
S235,48,0,0,0,28,1,4,58,0
S236,25,0,0,0,27,0,6,61,1
S237,24,0,0,0,0,0,0,62,1
S238,35,1,0,0,25,0,0,6,0
S239,26,1,1,1,5,1,4,17,0
S240,26,0,0,0,23,1,10,69,1
S241,20,1,0,0,21,1,5,1,0
S242,35,1,1,2,12,1,0,18,1
S243,50,1,0,0,23,0,2,76,1
S244,29,1,0,0,27,0,1,10,1
S245,41,1,1,2,10,1,8,52,1
S246,49,0,0,0,18,1,2,3,1
S247,34,0,0,0,48,1,8,31,0
S248,33,1,1,3,31,0,3,41,1
S249,48,1,0,0,1,1,1,79,1
S250,50,1,0,0,35,1,6,69,1
S251,33,1,0,0,44,1,3,31,1
S252,20,1,0,0,25,0,7,75,0
S253,29,1,1,3,36,0,4,68,0
S254,20,0,0,0,9,0,6,50,1
S255,34,0,0,0,44,1,9,28,1
S256,50,1,1,3,21,1,1,77,1
S257,21,1,0,0,35,0,6,72,1
S258,22,0,0,0,15,1,2,4,0
S259,40,1,1,2,32,0,0,72,1
S260,22,0,0,0,45,1,8,82,1
S261,31,0,0,0,19,0,6,66,1
S262,24,0,0,0,32,0,6,38,0
S263,35,0,0,0,37,1,5,42,1
S264,38,0,0,0,50,1,4,56,1
S265,42,0,0,0,42,1,8,42,0
S266,25,1,1,2,14,0,0,52,0
S267,40,0,0,0,26,0,3,69,1
S268,47,0,0,0,37,1,7,51,1
S269,45,0,0,0,4,0,0,5,1
S270,30,1,0,0,6,0,10,34,1
S271,31,0,0,0,0,1,8,70,1
S272,36,0,0,0,46,1,9,32,0
S273,35,0,0,0,11,1,10,41,1
S274,22,0,0,0,6,0,8,54,1
S275,40,0,0,0,45,0,2,73,1
S276,23,0,0,0,36,0,2,75,1
S277,33,0,0,0,32,1,6,57,1
S278,28,0,0,0,27,1,3,69,0
S279,28,0,0,0,5,0,9,47,0
S280,29,1,0,0,15,0,9,32,0
S281,20,1,1,1,27,0,8,28,1
S282,39,1,0,0,34,1,0,75,1
S283,40,0,0,0,35,1,10,51,0
S284,37,0,0,0,41,0,10,49,0
S285,35,0,0,0,30,0,3,54,1
S286,25,0,0,0,48,1,3,68,0
S287,37,0,0,0,49,1,5,5,1
S288,39,0,0,0,26,0,9,61,1
S289,38,0,0,0,14,1,0,59,0
S290,43,0,0,0,3,0,3,100,1
S291,38,0,0,0,12,1,6,73,1
S292,20,1,0,0,46,1,0,69,1
S293,37,1,1,3,47,0,6,22,0
S294,44,0,0,0,2,1,6,58,1
S295,32,1,1,2,47,1,1,67,1
S296,21,1,1,8,30,0,4,56,1
S297,50,1,1,3,37,1,4,73,1
S298,30,0,0,0,40,0,8,13,0
S299,33,1,1,3,39,0,2,48,1
S300,49,1,1,10,3,0,0,11,1
S301,40,1,0,0,23,0,0,93,0
S302,43,0,0,0,37,0,4,32,0
S303,35,1,1,1,47,1,8,67,1
S304,20,0,0,0,2,0,9,70,1
S305,41,1,0,0,34,0,1,64,0
S306,23,1,0,0,43,0,8,57,1
S307,33,1,1,3,13,1,1,22,1
S308,22,1,1,3,31,1,3,47,1
S309,35,1,1,4,11,0,0,38,1
S310,32,1,1,2,14,1,3,75,1
S311,27,1,1,1,40,1,5,67,1
S312,47,0,0,0,8,1,3,18,0
S313,43,0,0,0,6,0,3,60,0
S314,37,1,0,0,5,0,7,24,1
S315,40,1,0,0,50,0,4,41,0
S316,22,1,0,0,49,1,6,32,0
S317,44,1,1,3,12,0,5,28,0
S318,38,1,1,6,25,0,6,71,1
S319,23,1,1,3,10,0,2,6,1
S320,30,0,0,0,33,1,8,70,1
S321,35,1,1,1,39,0,2,27,1
S322,20,0,0,0,28,0,7,6,1
S323,40,0,0,0,37,0,4,47,1
S324,24,0,0,0,43,1,7,35,0
S325,37,1,1,2,38,1,10,70,0
S326,42,0,0,0,44,1,8,63,1
S327,29,1,1,3,31,0,6,73,1
S328,42,1,0,0,15,0,5,59,1
S329,34,1,1,2,44,0,8,2,0
S330,27,1,0,0,35,0,7,35,1
S331,22,0,0,0,7,0,1,44,1
S332,50,1,1,8,5,0,7,3,0
S333,38,0,0,0,18,1,0,31,0
S334,26,1,1,5,1,0,0,63,1
S335,24,0,0,0,18,1,3,40,0
S336,34,0,0,0,34,1,10,67,1
S337,39,0,0,0,8,1,10,49,0
S338,20,0,0,0,7,1,1,84,1
S339,42,0,0,0,49,1,2,42,1
S340,29,1,0,0,12,0,1,49,1
S341,26,1,0,0,32,0,4,48,0
S342,22,0,0,0,20,0,10,34,1
S343,29,1,0,0,3,1,5,61,1
S344,49,0,0,0,28,1,7,78,1
S345,24,0,0,0,14,0,6,42,1
S346,34,1,1,3,34,0,7,42,0
S347,20,0,0,0,50,1,5,98,1
S348,46,0,0,0,13,1,10,6,0
S349,44,0,0,0,2,1,2,25,0
S350,32,0,0,0,36,1,3,71,1
S351,24,0,0,0,21,1,3,43,1
S352,44,1,0,0,47,0,3,62,1
S353,25,1,1,3,46,0,8,46,0
S354,35,1,1,3,5,0,9,61,1
S355,50,0,0,0,50,0,5,5,0
S356,50,1,0,0,39,0,6,91,1
S357,30,1,1,3,29,0,0,100,1
S358,35,1,1,2,9,1,7,20,0
S359,40,1,0,0,29,0,0,78,1
S360,37,1,1,3,10,1,5,44,1
S361,36,1,1,2,46,1,3,69,1
S362,32,0,0,0,6,0,6,59,1
S363,34,1,1,1,41,0,2,68,0
S364,30,1,1,1,47,0,7,17,0
S365,28,0,0,0,49,0,9,44,1
S366,38,1,0,0,44,1,0,70,1
S367,31,1,0,0,26,0,10,74,0
S368,31,1,0,0,42,0,3,86,1
S369,32,0,0,0,41,0,3,90,1
S370,35,0,0,0,46,0,5,69,1
S371,28,0,0,0,35,1,2,83,1
S372,34,0,0,0,36,1,8,13,0
S373,42,0,0,0,30,1,3,69,1
S374,50,1,0,0,18,0,4,2,1
S375,42,0,0,0,21,0,9,13,0
S376,33,0,0,0,28,0,7,89,1
S377,28,1,0,0,13,1,8,65,1
S378,50,0,0,0,2,0,8,30,0
S379,24,0,0,0,24,0,6,67,1
S380,25,0,0,0,7,0,9,39,0
S381,44,1,1,5,50,1,5,37,0
S382,32,1,0,0,23,1,8,6,0
S383,20,1,0,0,50,0,8,62,0
S384,30,0,0,0,28,0,2,1,0
S385,45,1,0,0,24,1,4,7,0
S386,27,0,0,0,6,0,0,73,1
S387,44,0,0,0,15,1,6,54,1
S388,49,0,0,0,38,0,0,63,0
S389,40,1,1,3,10,1,6,68,0
S390,48,1,1,9,48,1,3,62,1
S391,48,0,0,0,17,0,0,50,1
S392,36,1,0,0,29,0,6,28,1
S393,45,0,0,0,50,0,5,0,1
S394,49,0,0,0,48,0,0,24,1
S395,40,0,0,0,47,1,4,41,1
S396,32,1,0,0,9,0,5,71,1
S397,27,1,1,3,1,1,5,47,1
S398,22,0,0,0,36,0,0,56,1
S399,25,0,0,0,49,1,2,98,1
S400,22,0,0,0,1,1,2,58,1
S401,41,0,0,0,48,1,10,5,0
S402,29,0,0,0,43,1,1,47,0
S403,22,1,1,3,17,0,8,56,1
S404,37,1,0,0,4,0,9,34,0
S405,26,1,0,0,28,1,4,51,1
S406,23,0,0,0,25,0,4,73,1
S407,50,0,0,0,8,1,1,3,0
S408,48,0,0,0,47,0,7,67,0
S409,41,0,0,0,7,0,4,55,1
S410,21,1,0,0,48,0,9,85,0
S411,28,0,0,0,49,0,7,49,0
S412,37,1,1,1,12,1,2,57,0
S413,38,1,1,9,46,1,1,47,1
S414,37,1,1,7,23,0,6,74,0
S415,33,1,1,3,23,1,5,11,1
S416,23,0,0,0,35,1,9,98,1
S417,35,1,1,3,41,1,8,2,0
S418,29,1,0,0,41,0,3,70,1
S419,40,1,1,3,44,0,2,19,1
S420,46,0,0,0,8,0,9,38,0
S421,24,0,0,0,25,0,5,61,1
S422,41,1,1,5,16,0,5,64,1
S423,40,1,0,0,8,0,3,77,0
S424,35,1,0,0,21,1,0,86,0
S425,21,0,0,0,30,0,0,98,1
S426,34,0,0,0,42,1,7,59,0
S427,36,0,0,0,8,0,3,5,1
S428,28,1,0,0,49,0,0,2,1
S429,49,0,0,0,12,0,5,56,1
S430,26,0,0,0,27,1,0,56,1
S431,44,1,1,2,17,0,8,28,0
S432,45,1,0,0,26,0,6,45,1
S433,41,1,1,3,45,1,2,95,0
S434,41,1,1,1,50,1,10,41,1
S435,25,0,0,0,13,1,1,23,1
S436,24,1,1,3,6,1,3,69,1
S437,27,0,0,0,8,1,10,42,0
S438,48,0,0,0,31,0,7,64,1
S439,22,0,0,0,11,0,10,74,0
S440,36,1,1,2,10,0,8,68,1
S441,50,1,0,0,13,1,9,1,0
S442,34,1,1,2,32,1,2,47,0
S443,37,1,0,0,35,0,8,32,0
S444,27,0,0,0,37,1,8,26,0
S445,24,0,0,0,33,0,6,70,0
S446,26,0,0,0,18,0,1,39,1
S447,42,0,0,0,30,1,9,71,1
S448,32,0,0,0,31,1,0,74,1
S449,24,1,1,1,25,1,7,3,0
S450,25,1,0,0,6,1,3,28,1
S451,46,0,0,0,23,1,1,62,1
S452,32,1,1,5,50,0,6,71,1
S453,45,0,0,0,41,0,3,39,1
S454,35,1,0,0,15,0,10,32,0
S455,49,0,0,0,8,0,7,56,1
S456,42,0,0,0,47,1,3,56,0
S457,46,1,0,0,50,0,5,38,1
S458,50,1,0,0,41,1,10,53,1
S459,28,0,0,0,7,0,6,75,1
S460,48,1,0,0,31,1,1,72,1
S461,21,1,1,2,26,0,8,13,1
S462,29,0,0,0,13,1,0,53,1
S463,49,0,0,0,13,1,6,86,1
S464,49,1,1,1,38,0,4,10,1
S465,33,0,0,0,2,1,4,98,1
S466,42,0,0,0,22,1,0,49,1
S467,22,1,0,0,29,1,6,21,0
S468,35,0,0,0,22,0,5,73,1
S469,43,1,1,9,6,0,1,47,1
S470,33,0,0,0,2,1,8,73,1
S471,49,1,1,7,32,1,4,24,0
S472,26,0,0,0,46,1,10,54,1
S473,41,1,1,5,31,1,6,56,1
S474,20,1,1,1,23,0,9,53,1
S475,39,0,0,0,38,1,9,41,1
S476,21,0,0,0,42,1,10,48,0
S477,41,1,0,0,39,1,10,48,0
S478,40,1,1,3,36,1,5,32,0
S479,30,1,1,2,37,1,6,14,0
S480,32,0,0,0,45,1,4,25,1
S481,47,1,0,0,19,0,9,18,1
S482,39,1,1,1,24,0,2,12,1
S483,33,0,0,0,10,1,2,32,1
S484,24,1,1,3,26,0,10,11,0
S485,41,0,0,0,32,1,4,46,1
S486,39,1,0,0,17,1,4,59,1
S487,43,0,0,0,30,0,2,85,0
S488,36,1,0,0,33,1,4,37,1
S489,43,0,0,0,47,1,4,62,0
S490,44,0,0,0,8,1,1,59,1
S491,21,1,1,1,23,0,5,94,1
S492,50,0,0,0,31,0,2,53,0
S493,44,1,0,0,16,0,4,20,1
S494,29,0,0,0,31,1,5,50,1
S495,31,0,0,0,18,0,6,53,0
S496,23,1,0,0,32,1,3,73,1
S497,37,0,0,0,6,1,0,37,0
S498,33,0,0,0,31,1,6,81,0
S499,32,1,1,2,47,0,4,73,0
S500,32,0,0,0,26,0,9,34,0
S501,38,1,0,0,49,1,9,33,1
S502,36,0,0,0,35,0,3,62,0
S503,26,1,0,0,40,1,0,60,0
S504,39,1,0,0,33,1,1,27,0
S505,23,0,0,0,30,0,0,31,1
S506,37,0,0,0,7,0,10,23,0
S507,21,0,0,0,45,1,2,22,0
S508,41,0,0,0,31,0,9,73,1
S509,26,1,1,1,41,1,0,71,1
S510,49,0,0,0,8,1,8,75,1
S511,29,1,1,5,28,0,6,70,0
S512,49,0,0,0,16,1,10,28,0
S513,23,0,0,0,12,1,10,33,0
S514,40,1,1,2,40,1,6,3,0
S515,31,0,0,0,45,0,2,9,1
S516,40,0,0,0,49,0,8,83,1
S517,27,0,0,0,11,1,8,20,1
S518,34,0,0,0,6,1,1,47,1
S519,24,0,0,0,17,0,4,71,1
S520,42,1,1,1,15,1,1,61,1
S521,42,0,0,0,43,0,8,30,1
S522,28,1,0,0,14,0,2,60,1
S523,42,0,0,0,34,0,7,57,1
S524,22,1,1,3,25,0,5,42,0
S525,25,0,0,0,3,0,4,57,1
S526,28,0,0,0,46,0,5,11,1
S527,36,1,0,0,16,1,8,25,0
S528,31,1,1,9,49,1,4,98,1
S529,33,0,0,0,15,1,3,56,1
S530,38,1,0,0,17,1,3,58,1
S531,39,1,0,0,6,1,2,42,1
S532,22,1,1,3,15,1,9,45,0
S533,37,0,0,0,13,1,7,6,0
S534,33,1,0,0,33,1,0,11,1
S535,44,0,0,0,8,1,8,55,1
S536,31,0,0,0,46,1,3,82,0
S537,40,0,0,0,39,0,4,73,1
S538,34,0,0,0,22,0,10,15,1
S539,20,0,0,0,34,0,0,1,1
S540,41,0,0,0,25,0,1,75,1
S541,25,1,1,10,38,0,8,62,1
S542,45,1,1,3,40,1,0,39,1
S543,23,0,0,0,36,1,10,98,1
S544,37,0,0,0,19,1,0,49,0
S545,49,0,0,0,28,0,8,23,0
S546,23,1,1,1,50,0,1,50,1
S547,21,1,1,2,31,0,7,61,1
S548,45,1,1,2,12,0,0,56,1
S549,35,0,0,0,22,1,9,33,0
S550,31,0,0,0,1,1,9,65,1
S551,29,0,0,0,22,0,9,53,0
S552,35,1,1,3,4,1,6,41,0
S553,49,0,0,0,18,0,3,10,0
S554,23,0,0,0,21,0,3,35,1
S555,28,0,0,0,20,1,10,59,0
S556,27,1,1,9,19,1,10,74,1
S557,29,1,1,1,47,0,10,49,0
S558,50,1,1,5,27,1,10,67,1
S559,29,1,0,0,5,1,2,26,0
S560,34,0,0,0,11,0,6,67,1
S561,47,0,0,0,50,1,5,32,1
S562,28,1,1,3,6,1,2,56,1
S563,40,0,0,0,39,0,10,44,1
S564,36,1,0,0,49,1,10,32,0
S565,38,1,1,2,19,1,6,58,1
S566,36,0,0,0,30,1,2,46,0
S567,35,0,0,0,15,1,3,42,1
S568,26,1,0,0,10,0,0,57,1
S569,23,1,0,0,22,0,8,48,0
S570,45,1,1,2,34,1,2,77,0
S571,29,0,0,0,14,1,0,1,1
S572,40,0,0,0,48,1,6,56,1
S573,28,0,0,0,10,0,1,4,1
S574,38,1,1,3,46,1,2,44,0
S575,47,0,0,0,23,1,0,48,1
S576,38,0,0,0,7,0,3,75,1
S577,35,0,0,0,15,0,1,2,1
S578,35,0,0,0,49,1,1,58,1
S579,20,0,0,0,10,1,3,86,1
S580,42,0,0,0,37,1,9,58,1
S581,42,0,0,0,16,0,7,71,0
S582,25,0,0,0,38,1,5,44,1
S583,23,1,0,0,6,0,4,31,0
S584,45,0,0,0,45,0,4,59,1
S585,25,0,0,0,26,1,2,32,0
S586,22,0,0,0,50,0,6,75,0
S587,23,1,1,2,6,0,3,75,0
S588,42,0,0,0,33,0,9,75,0
S589,26,0,0,0,9,0,4,44,0
S590,22,0,0,0,15,0,9,67,1
S591,47,1,1,3,2,0,10,41,0
S592,44,1,0,0,24,1,8,61,0
S593,33,0,0,0,24,1,0,73,1
S594,50,0,0,0,13,1,0,56,1
S595,36,1,1,3,4,1,7,83,1
S596,42,1,1,1,30,0,10,60,0
S597,31,1,0,0,38,1,8,46,0
S598,45,0,0,0,10,1,7,65,1
S599,32,0,0,0,15,0,5,55,1
S600,35,0,0,0,11,1,5,73,1
S601,23,0,0,0,19,1,4,46,1
S602,47,1,1,1,21,1,8,37,0
S603,24,1,1,2,35,0,1,70,0
S604,20,1,0,0,8,0,7,34,0
S605,47,1,1,1,11,1,3,44,1
S606,38,1,1,4,14,0,8,41,0
S607,39,1,1,3,16,1,7,55,1
S608,40,1,0,0,45,0,7,62,1
S609,44,1,0,0,46,1,0,56,1
S610,36,0,0,0,6,1,6,56,1
S611,50,0,0,0,27,0,7,23,1
S612,32,0,0,0,40,1,1,77,1
S613,43,0,0,0,30,1,9,51,1
S614,39,0,0,0,38,1,10,9,1
S615,33,1,1,1,32,0,4,46,1
S616,44,0,0,0,43,1,8,65,1
S617,48,0,0,0,25,1,10,56,1
S618,29,1,1,10,11,0,4,100,0
S619,43,1,0,0,33,0,7,58,1
S620,48,1,0,0,2,0,3,23,1
S621,41,1,0,0,39,0,7,8,0
S622,50,1,1,2,26,1,4,10,0
S623,26,0,0,0,30,1,8,53,0
S624,43,1,1,7,45,1,8,71,0
S625,29,0,0,0,39,1,1,98,1
S626,48,0,0,0,31,1,7,56,1
S627,25,1,1,1,48,0,4,60,0
S628,44,1,0,0,33,0,6,69,1
S629,28,0,0,0,5,0,5,45,1
S630,41,1,1,1,29,1,7,34,0
S631,27,0,0,0,25,0,7,50,1
S632,21,1,1,1,37,1,3,71,0
S633,42,0,0,0,19,0,10,86,1
S634,24,1,0,0,9,0,10,80,0
S635,50,1,0,0,27,1,9,23,1
S636,21,0,0,0,37,1,4,61,0
S637,32,1,0,0,50,0,5,46,1
S638,22,1,1,8,26,0,2,60,0
S639,44,0,0,0,28,0,10,60,1
S640,25,1,1,6,12,0,4,45,1
S641,31,1,1,1,28,0,1,50,1
S642,31,1,0,0,30,0,4,49,1
S643,47,0,0,0,14,1,6,4,0
S644,37,0,0,0,7,1,5,50,1
S645,45,0,0,0,24,0,0,27,0
S646,45,1,0,0,6,1,0,24,0
S647,25,1,1,7,45,0,2,38,1
S648,48,1,1,1,37,0,9,18,0
S649,50,0,0,0,17,1,6,13,1
S650,34,1,0,0,47,1,4,7,1
S651,33,1,0,0,31,0,6,48,1
S652,39,0,0,0,36,0,10,62,0
S653,42,1,0,0,36,0,4,59,1
S654,45,0,0,0,42,1,5,25,1
S655,27,1,1,2,1,0,5,44,1
S656,23,0,0,0,2,1,3,73,0
S657,27,1,0,0,30,0,10,86,0
S658,29,1,0,0,31,1,0,46,1
S659,32,1,0,0,19,0,10,50,1
S660,43,0,0,0,35,1,0,66,0
S661,33,0,0,0,14,1,3,78,0
S662,29,1,0,0,30,0,4,6,1
S663,46,0,0,0,6,0,5,59,1
S664,44,1,0,0,4,1,7,62,1
S665,46,1,1,1,8,0,4,46,1
S666,32,1,1,7,45,1,8,27,1
S667,49,1,1,1,40,0,8,28,0
S668,50,1,0,0,8,1,9,95,1
S669,25,1,1,3,13,0,9,0,1
S670,33,1,1,3,16,0,10,70,1
S671,43,0,0,0,25,1,1,32,1
S672,27,1,1,2,24,1,1,70,0
S673,43,0,0,0,34,0,5,65,1
S674,27,1,0,0,25,1,4,71,1
S675,39,0,0,0,19,0,9,74,0
S676,26,0,0,0,50,0,6,31,1
S677,46,1,1,3,50,1,8,56,0
S678,33,0,0,0,17,0,5,4,1
S679,27,1,0,0,10,1,4,71,0
S680,25,1,1,3,12,0,9,46,0
S681,35,0,0,0,27,1,6,56,1
S682,31,1,0,0,25,0,4,62,1
S683,24,1,1,1,7,0,1,69,0
S684,34,1,0,0,41,1,1,1,1
S685,20,0,0,0,43,0,10,2,0
S686,47,1,0,0,27,1,5,11,0
S687,50,1,0,0,9,1,6,11,0
S688,42,0,0,0,13,1,0,69,1
S689,44,0,0,0,22,0,7,7,0
S690,20,0,0,0,42,0,6,45,1
S691,24,1,0,0,5,0,8,33,0
S692,40,1,1,10,35,1,2,50,1
S693,43,0,0,0,18,0,1,53,1
S694,37,1,0,0,40,0,3,80,0
S695,36,0,0,0,21,0,7,51,1
S696,28,1,0,0,31,0,4,37,1
S697,41,0,0,0,44,1,2,51,1
S698,34,1,0,0,36,0,1,58,0
S699,39,0,0,0,23,1,5,8,0
S700,42,0,0,0,3,1,9,46,0
S701,24,1,1,1,13,1,1,83,1
S702,42,1,1,7,34,1,6,51,1
S703,31,1,0,0,6,0,6,54,1
S704,28,0,0,0,26,1,9,49,1
S705,24,0,0,0,5,0,1,53,1
S706,41,0,0,0,45,0,9,33,0
S707,40,0,0,0,33,1,10,6,0
S708,43,1,0,0,12,1,7,36,0
S709,26,0,0,0,40,1,4,49,1
S710,35,1,0,0,49,0,4,50,0
S711,24,1,0,0,6,0,8,6,0
S712,46,1,1,3,42,0,0,58,1
S713,41,0,0,0,40,0,7,2,0
S714,29,1,1,3,8,1,5,50,0
S715,36,1,1,5,33,0,6,55,1
S716,42,1,0,0,10,1,7,58,0
S717,46,1,0,0,19,0,7,27,0
S718,20,0,0,0,35,0,5,70,1
S719,30,1,1,2,40,1,9,35,0
S720,43,1,1,3,38,1,1,58,1
S721,41,1,1,9,48,0,1,80,1
S722,32,1,1,10,31,1,5,59,1
S723,33,0,0,0,7,1,1,30,0
S724,50,0,0,0,33,1,10,82,0
S725,45,1,0,0,22,1,10,73,0
S726,45,0,0,0,11,1,10,33,0
S727,37,0,0,0,34,0,5,62,1
S728,43,0,0,0,41,1,5,48,0
S729,46,0,0,0,41,1,5,25,1
S730,33,1,0,0,34,1,8,53,1
S731,26,1,1,2,17,0,1,67,0
S732,28,1,1,7,46,1,9,45,1
S733,28,1,1,5,9,1,0,25,1
S734,40,0,0,0,15,1,1,85,1
S735,35,0,0,0,43,0,9,64,1
S736,27,0,0,0,25,1,7,58,0
S737,34,1,0,0,28,1,0,27,1
S738,20,1,0,0,39,0,10,29,0
S739,21,1,1,3,26,0,3,49,1
S740,37,0,0,0,4,0,9,73,0
S741,49,1,0,0,27,0,7,61,1
S742,26,1,0,0,27,1,2,83,0
S743,26,0,0,0,9,0,4,48,0
S744,23,1,1,1,13,1,8,98,1
S745,30,1,0,0,9,1,6,73,0
S746,50,1,1,3,23,1,5,51,0
S747,20,0,0,0,19,0,6,29,0
S748,42,1,1,5,28,0,1,87,0
S749,43,0,0,0,41,0,9,64,1
S750,30,1,0,0,20,0,4,52,1
S751,45,0,0,0,35,1,0,71,1
S752,46,1,1,3,49,0,2,71,1
S753,44,0,0,0,19,0,6,2,1
S754,27,0,0,0,29,0,9,19,0
S755,33,1,1,2,30,0,4,74,0
S756,23,0,0,0,4,1,3,48,0
S757,24,0,0,0,47,0,9,8,1
S758,42,1,0,0,24,0,1,42,0
S759,39,1,0,0,9,0,6,35,1
S760,22,0,0,0,32,1,4,53,1
S761,40,1,1,1,29,0,5,18,1
S762,33,0,0,0,26,1,10,46,0
S763,24,1,0,0,3,0,1,69,1
S764,26,0,0,0,21,0,4,53,1
S765,22,1,1,1,38,0,2,94,1
S766,45,1,1,3,23,1,7,86,1
S767,34,1,1,2,32,1,4,35,0
S768,33,0,0,0,8,0,5,51,1
S769,41,0,0,0,38,1,3,41,1
S770,46,1,1,2,36,0,1,33,1
S771,39,0,0,0,25,0,2,32,0
S772,42,1,0,0,20,0,4,38,1
S773,37,1,1,3,22,1,5,74,1
S774,36,1,0,0,0,0,8,4,0
S775,23,1,0,0,7,0,7,82,1
S776,20,0,0,0,2,1,1,53,1
S777,26,1,0,0,41,1,8,30,1
S778,21,0,0,0,12,1,9,75,1
S779,44,0,0,0,14,1,0,100,0
S780,24,1,0,0,25,0,7,49,1
S781,46,1,0,0,39,1,4,1,1
S782,32,1,0,0,31,1,0,44,1
S783,50,1,0,0,3,0,4,71,1
S784,42,1,1,3,26,1,4,9,1
S785,25,1,1,2,47,1,7,63,1
S786,47,0,0,0,40,0,2,30,1
S787,46,1,1,2,29,0,7,95,1
S788,36,0,0,0,25,0,2,48,1
S789,36,0,0,0,30,1,4,42,0
S790,41,1,0,0,3,1,10,75,1
S791,49,0,0,0,45,1,0,44,1
S792,22,1,1,8,3,1,6,70,0
S793,36,1,0,0,7,0,10,74,1
S794,23,1,0,0,14,0,6,51,1
S795,41,1,1,1,34,1,9,86,1
S796,24,0,0,0,16,1,7,47,1
S797,27,0,0,0,41,1,5,56,1
S798,45,0,0,0,38,0,6,73,0
S799,46,1,1,2,11,1,8,44,0
S800,21,0,0,0,10,0,5,32,0
S801,23,1,0,0,33,1,8,2,0
S802,46,0,0,0,48,0,0,85,0
S803,38,1,0,0,46,1,10,83,1
S804,36,0,0,0,9,0,7,45,1
S805,27,1,1,3,34,1,6,61,1
S806,22,1,1,1,49,0,9,46,0
S807,47,1,1,1,48,1,7,63,0
S808,29,1,0,0,18,1,4,32,0
S809,40,0,0,0,42,1,5,56,1
S810,36,1,1,2,26,1,10,41,0
S811,21,1,0,0,34,0,9,46,0
S812,38,1,1,2,25,1,8,69,1
S813,50,0,0,0,42,0,6,65,1
S814,46,0,0,0,28,0,5,82,1
S815,31,1,0,0,24,0,7,45,0
S816,50,0,0,0,7,1,7,50,0
S817,23,0,0,0,12,1,8,41,0
S818,43,1,1,1,8,1,4,83,1
S819,50,0,0,0,16,1,6,44,0
S820,25,0,0,0,37,0,6,4,1
S821,26,1,1,5,12,0,8,100,1
S822,45,0,0,0,14,0,8,71,1
S823,22,1,1,3,11,1,2,68,0
S824,28,0,0,0,45,0,5,50,1
S825,22,1,0,0,42,1,2,22,0
S826,24,1,0,0,46,0,5,54,1
S827,39,0,0,0,47,0,0,22,0
S828,42,0,0,0,34,1,7,54,1
S829,22,0,0,0,39,1,6,43,0
S830,40,1,0,0,41,0,0,98,1
S831,40,1,0,0,19,0,2,29,1
S832,48,1,1,2,31,0,5,73,1
S833,31,1,1,1,29,1,3,74,1
S834,34,1,1,2,43,0,9,28,0
S835,48,1,1,3,45,1,2,39,1
S836,48,1,1,9,44,1,2,73,1
S837,28,1,1,2,15,0,7,55,0
S838,42,0,0,0,30,0,1,45,1
S839,43,0,0,0,5,0,5,50,0
S840,40,0,0,0,4,0,3,96,0
S841,39,0,0,0,46,1,10,64,1
S842,30,0,0,0,25,0,8,0,0
S843,23,1,0,0,19,0,2,27,1
S844,35,1,1,1,7,0,1,69,0
S845,33,0,0,0,49,1,0,55,1
S846,23,0,0,0,34,1,9,85,1
S847,30,1,0,0,15,1,1,80,1
S848,32,0,0,0,29,0,9,73,1
S849,39,0,0,0,19,0,8,38,0
S850,25,1,1,8,33,0,3,47,1
S851,43,1,0,0,32,0,8,13,0
S852,24,1,0,0,39,1,3,86,1
S853,20,0,0,0,6,0,1,35,1
S854,28,0,0,0,0,1,4,0,1
S855,27,1,1,2,4,1,9,1,0
S856,48,0,0,0,0,1,3,79,0
S857,33,0,0,0,23,0,6,2,1
S858,48,1,0,0,48,1,8,29,0
S859,50,0,0,0,31,0,8,5,0
S860,20,1,0,0,31,0,9,18,0
S861,27,0,0,0,9,1,0,79,0
S862,42,1,1,1,30,1,8,67,0
S863,36,0,0,0,23,0,9,47,0
S864,45,0,0,0,27,0,10,69,1
S865,43,0,0,0,40,1,3,21,1
S866,35,0,0,0,39,1,7,41,1
S867,39,1,0,0,27,1,1,68,1
S868,24,1,0,0,38,1,7,6,0
S869,37,0,0,0,1,0,7,13,1
S870,24,1,0,0,6,0,4,68,1
S871,48,0,0,0,32,0,3,62,1
S872,24,1,0,0,23,0,9,47,1
S873,45,1,0,0,29,0,6,73,1
S874,45,0,0,0,0,1,7,73,1
S875,24,0,0,0,30,1,3,67,1
S876,33,0,0,0,23,0,1,73,1
S877,45,0,0,0,24,0,1,75,1
S878,24,0,0,0,22,1,9,73,0
S879,48,1,1,1,47,1,10,43,0
S880,24,1,1,3,21,1,1,48,0
S881,31,1,1,1,3,1,8,56,1
S882,23,0,0,0,43,0,9,83,0
S883,44,1,1,1,36,0,7,56,1
S884,30,1,0,0,13,0,6,74,1
S885,40,0,0,0,28,1,3,55,1
S886,37,0,0,0,3,0,8,74,1
S887,22,1,0,0,23,1,5,32,1
S888,44,0,0,0,12,0,0,85,1
S889,50,0,0,0,41,0,6,30,1
S890,22,1,1,1,35,0,8,48,0
S891,44,1,1,3,47,1,10,55,1
S892,37,0,0,0,49,0,10,41,1
S893,48,1,0,0,20,0,5,37,1
S894,48,1,1,9,34,1,6,77,1
S895,49,1,1,2,47,0,8,71,0
S896,50,1,1,3,30,1,3,23,1
S897,31,0,0,0,1,1,1,6,1
S898,24,1,0,0,32,0,4,40,1
S899,30,1,1,2,49,0,7,37,0
S900,46,0,0,0,35,0,0,51,1
S901,29,0,0,0,33,1,7,65,1
S902,21,0,0,0,3,0,4,21,1
S903,23,1,0,0,10,0,1,2,1
S904,37,0,0,0,9,0,3,61,1
S905,32,0,0,0,46,0,10,32,0
S906,33,0,0,0,14,1,2,44,1
S907,20,0,0,0,40,1,2,49,1
S908,27,0,0,0,38,0,1,18,1
S909,26,0,0,0,5,1,1,59,1
S910,40,0,0,0,16,0,7,56,0
S911,31,1,1,3,14,1,10,23,0
S912,22,1,0,0,28,1,8,72,1
S913,45,0,0,0,26,0,0,51,1
S914,25,1,0,0,20,0,8,62,0
S915,36,1,0,0,14,1,5,3,1
S916,39,1,0,0,40,1,7,24,0
S917,22,1,1,3,44,0,0,59,1
S918,47,0,0,0,32,0,0,80,1
S919,28,0,0,0,5,0,5,58,1
S920,34,0,0,0,45,1,8,47,0
S921,49,1,1,3,21,1,5,46,1
S922,29,1,0,0,0,0,2,4,1
S923,44,0,0,0,18,0,10,56,0
S924,37,1,1,3,40,1,1,71,0
S925,33,1,1,1,39,0,10,33,0
S926,34,1,0,0,48,1,2,66,1
S927,49,1,0,0,40,0,4,12,1
S928,49,0,0,0,39,0,6,56,1
S929,46,0,0,0,29,1,9,96,1
S930,34,0,0,0,3,0,7,70,1
S931,37,1,0,0,48,0,8,98,1
S932,42,0,0,0,3,0,8,20,0
S933,22,1,1,3,6,0,1,45,0
S934,22,1,1,2,10,1,5,5,1
S935,50,1,0,0,33,1,0,37,1
S936,50,0,0,0,9,1,2,69,1
S937,26,0,0,0,37,1,4,30,1
S938,25,1,1,3,10,1,9,40,0
S939,27,0,0,0,31,1,0,33,1
S940,49,1,1,2,39,1,0,60,1
S941,37,1,1,1,6,1,2,10,1
S942,33,0,0,0,28,1,6,58,1
S943,43,1,1,1,43,1,4,64,1
S944,22,0,0,0,29,1,8,58,1
S945,20,1,1,7,50,1,0,41,0
S946,50,1,1,6,17,0,1,90,1
S947,22,0,0,0,42,1,3,82,1
S948,20,0,0,0,41,1,2,4,1
S949,21,0,0,0,1,1,0,56,0
S950,50,1,0,0,4,1,4,2,1
S951,28,1,1,1,32,1,8,48,0
S952,42,1,1,3,11,0,6,2,1
S953,28,1,0,0,8,0,10,71,0
S954,31,0,0,0,28,1,3,67,1
S955,42,1,0,0,31,0,9,23,1
S956,20,0,0,0,28,1,0,69,1
S957,35,1,1,1,31,1,1,60,0
S958,38,0,0,0,29,1,3,4,0
S959,48,0,0,0,6,0,1,74,1
S960,33,0,0,0,35,0,0,52,0
S961,33,1,1,2,48,1,1,41,1
S962,25,0,0,0,27,0,0,54,1
S963,40,0,0,0,37,0,3,37,0
S964,40,0,0,0,2,0,6,51,0
S965,41,0,0,0,19,0,4,47,1
S966,40,1,1,6,26,1,2,74,1
S967,42,1,0,0,5,1,3,74,1
S968,27,0,0,0,30,1,1,37,1
S969,43,0,0,0,12,0,7,35,1
S970,25,0,0,0,43,0,7,96,1
S971,22,1,0,0,18,0,0,29,1
S972,41,1,1,5,46,1,7,45,0
S973,45,0,0,0,40,1,0,50,1
S974,36,0,0,0,49,0,8,70,0
S975,50,1,0,0,2,0,6,81,1
S976,26,1,0,0,9,1,0,28,1
S977,43,1,0,0,17,1,3,5,1
S978,50,0,0,0,45,1,8,44,1
S979,36,0,0,0,40,1,8,25,0
S980,20,1,0,0,44,1,8,2,1
S981,23,1,0,0,7,0,1,39,1
S982,30,0,0,0,15,1,9,73,1
S983,43,0,0,0,27,0,6,62,0
S984,38,1,0,0,43,0,0,52,1
S985,43,0,0,0,1,0,1,88,1
S986,26,0,0,0,18,1,9,10,0
S987,40,1,1,5,9,1,3,49,1
S988,45,0,0,0,31,0,6,59,1
S989,27,0,0,0,9,0,1,7,0
S990,30,0,0,0,24,0,6,75,1
S991,35,0,0,0,20,0,4,70,1
S992,27,0,0,0,2,1,10,49,0
S993,48,1,0,0,29,0,10,5,0
S994,26,0,0,0,15,0,8,51,1
S995,42,0,0,0,13,1,3,64,1
S996,32,0,0,0,2,1,9,48,0
S997,29,1,0,0,22,0,10,56,0
S998,47,1,0,0,13,0,10,64,1
S999,21,0,0,0,15,0,4,75,1
S1000,31,1,0,0,21,0,8,73,1
